date,ventes,capteur
2023-01-01,102.83,101.43
2023-01-02,108.14,108.51
2023-01-03,107.08,107.0
2023-01-04,102.88,102.05
2023-01-05,90.73,90.92
2023-01-06,89.46,88.82
2023-01-07,90.75,92.4
2023-01-08,97.4,96.88
2023-01-09,113.19,111.66
2023-01-10,116.7,114.69
2023-01-11,108.38,109.89
2023-01-12,102.86,101.96
2023-01-13,94.97,95.05
2023-01-14,92.52,93.08
2023-01-15,107.32,105.96
2023-01-16,108.11,108.39
2023-01-17,110.02,111.83
2023-01-18,104.5,104.45
2023-01-19,95.65,94.66
2023-01-20,92.72,91.4
2023-01-21,98.14,98.15
2023-01-22,106.78,106.22
2023-01-23,111.0,112.8
2023-01-24,114.24,115.45
2023-01-25,109.05,111.66
2023-01-26,101.08,100.06
2023-01-27,97.5,97.92
2023-01-28,91.63,91.52
2023-01-29,103.14,103.94
2023-01-30,109.97,108.76
2023-01-31,113.63,112.48
2023-02-01,112.12,111.81
2023-02-02,99.83,99.26
2023-02-03,91.89,91.33
2023-02-04,92.05,91.67
2023-02-05,101.39,101.98
2023-02-06,106.4,105.45
2023-02-07,108.15,108.21
2023-02-08,104.19,102.14
2023-02-09,101.51,100.62
2023-02-10,101.26,99.91
2023-02-11,99.0,98.75
2023-02-12,105.71,104.93
2023-02-13,115.53,113.73
2023-02-14,120.04,119.22
2023-02-15,117.31,116.9
2023-02-16,102.84,103.29
2023-02-17,103.7,103.65
2023-02-18,104.32,103.92
2023-02-19,108.14,107.39
2023-02-20,111.45,110.04
2023-02-21,113.97,115.59
2023-02-22,110.4,110.88
2023-02-23,102.4,101.53
2023-02-24,97.36,96.93
2023-02-25,101.86,103.09
2023-02-26,112.7,113.07
2023-02-27,122.33,121.67
2023-02-28,122.3,122.09
2023-03-01,112.93,111.91
2023-03-02,101.16,100.71
2023-03-03,90.18,92.23
2023-03-04,94.06,94.11
2023-03-05,104.7,104.55
2023-03-06,114.41,114.89
2023-03-07,118.61,116.38
2023-03-08,115.96,116.11
2023-03-09,108.25,108.71
2023-03-10,102.55,103.97
2023-03-11,102.36,102.87
2023-03-12,108.78,108.77
2023-03-13,123.54,125.31
2023-03-14,124.73,125.63
2023-03-15,117.21,115.31
2023-03-16,109.11,108.81
2023-03-17,98.93,96.63
2023-03-18,104.94,105.47
2023-03-19,113.37,112.62
2023-03-20,120.14,121.49
2023-03-21,119.53,119.75
2023-03-22,110.81,110.99
2023-03-23,99.29,98.79
2023-03-24,93.81,94.69
2023-03-25,97.97,97.32
2023-03-26,105.95,105.89
2023-03-27,114.21,113.31
2023-03-28,119.0,119.23
2023-03-29,114.02,116.49
2023-03-30,103.77,104.43
2023-03-31,93.99,95.86
2023-04-01,94.26,93.23
2023-04-02,102.93,101.96
2023-04-03,108.34,109.09
2023-04-04,114.07,114.08
2023-04-05,108.63,109.27
2023-04-06,99.17,98.43
2023-04-07,97.82,96.9
2023-04-08,97.64,98.16
2023-04-09,105.48,104.48
2023-04-10,113.77,113.51
2023-04-11,114.4,114.67
2023-04-12,112.18,113.2
2023-04-13,100.21,100.31
2023-04-14,96.25,94.17
2023-04-15,96.54,96.57
2023-04-16,100.33,100.7
2023-04-17,114.16,112.87
2023-04-18,121.44,125.02
2023-04-19,115.09,114.78
2023-04-20,105.18,102.27
2023-04-21,96.46,97.33
2023-04-22,98.61,99.24
2023-04-23,107.42,107.35
2023-04-24,117.71,116.61
2023-04-25,121.26,121.55
2023-04-26,112.32,110.68
2023-04-27,102.89,105.61
2023-04-28,103.21,104.36
2023-04-29,104.0,104.25
2023-04-30,111.41,112.49
2023-05-01,120.99,119.07
2023-05-02,125.22,126.12
2023-05-03,117.62,116.87
2023-05-04,110.51,109.92
2023-05-05,105.54,105.58
2023-05-06,105.39,104.23
2023-05-07,119.85,119.07
2023-05-08,127.06,126.9
2023-05-09,127.76,126.2
2023-05-10,118.75,117.44
2023-05-11,113.38,112.56
2023-05-12,104.54,105.43
2023-05-13,107.37,108.66
2023-05-14,116.61,116.64
2023-05-15,121.21,122.74
2023-05-16,122.71,121.82
2023-05-17,116.87,116.68
2023-05-18,112.89,115.32
2023-05-19,106.13,107.1
2023-05-20,105.36,105.11
2023-05-21,111.22,111.33
2023-05-22,121.5,121.69
2023-05-23,122.48,122.42
2023-05-24,115.26,115.77
2023-05-25,106.18,106.41
2023-05-26,104.5,103.89
2023-05-27,111.02,108.71
2023-05-28,116.19,117.14
2023-05-29,122.82,121.82
2023-05-30,123.25,124.79
2023-05-31,123.52,122.14
2023-06-01,112.07,111.38
2023-06-02,110.73,110.5
2023-06-03,112.86,113.03
2023-06-04,119.7,119.35
2023-06-05,129.76,129.81
2023-06-06,127.25,127.12
2023-06-07,117.59,117.69
2023-06-08,108.15,107.2
2023-06-09,97.44,99.64
2023-06-10,100.85,102.58
2023-06-11,107.67,108.07
2023-06-12,122.79,123.57
2023-06-13,123.14,121.08
2023-06-14,114.11,114.56
2023-06-15,109.07,109.76
2023-06-16,104.61,104.9
2023-06-17,109.07,108.85
2023-06-18,118.16,118.69
2023-06-19,123.09,123.96
2023-06-20,130.67,133.1
2023-06-21,126.26,126.2
2023-06-22,112.96,113.8
2023-06-23,110.15,109.34
2023-06-24,113.96,113.52
2023-06-25,117.48,117.49
2023-06-26,124.43,123.84
2023-06-27,125.03,124.58
2023-06-28,116.08,118.24
2023-06-29,113.17,112.08
2023-06-30,109.6,109.72
2023-07-01,111.13,112.88
2023-07-02,121.05,119.95
2023-07-03,127.32,125.54
2023-07-04,130.26,130.43
2023-07-05,125.11,124.9
2023-07-06,116.21,116.5
2023-07-07,116.27,116.45
2023-07-08,115.97,116.49
2023-07-09,125.5,126.67
2023-07-10,135.58,135.35
2023-07-11,138.74,138.06
2023-07-12,127.41,126.74
2023-07-13,119.77,118.19
2023-07-14,118.47,118.37
2023-07-15,120.43,120.05
2023-07-16,122.64,122.34
2023-07-17,131.53,130.51
2023-07-18,133.52,132.56
2023-07-19,122.4,121.39
2023-07-20,115.49,114.1
2023-07-21,112.12,112.12
2023-07-22,111.5,111.46
2023-07-23,125.04,125.84
2023-07-24,134.4,134.1
2023-07-25,130.61,131.61
2023-07-26,129.2,129.74
2023-07-27,121.49,122.08
2023-07-28,115.64,115.34
2023-07-29,119.8,120.03
2023-07-30,120.39,120.5
2023-07-31,127.51,126.05
2023-08-01,134.95,137.34
2023-08-02,125.34,126.07
2023-08-03,116.12,116.32
2023-08-04,109.3,109.41
2023-08-05,115.9,116.18
2023-08-06,122.42,122.08
2023-08-07,127.56,127.28
2023-08-08,126.14,127.3
2023-08-09,115.75,115.88
2023-08-10,106.7,105.98
2023-08-11,101.76,101.09
2023-08-12,109.16,110.23
2023-08-13,114.33,113.11
2023-08-14,128.48,130.06
2023-08-15,132.92,130.79
2023-08-16,130.65,129.57
2023-08-17,122.69,121.57
2023-08-18,116.97,116.33
2023-08-19,118.89,117.82
2023-08-20,126.2,125.1
2023-08-21,133.79,133.41
2023-08-22,141.99,142.64
2023-08-23,128.47,128.65
2023-08-24,123.92,123.42
2023-08-25,115.78,115.47
2023-08-26,122.04,123.07
2023-08-27,132.72,131.6
2023-08-28,137.86,136.87
2023-08-29,138.16,138.62
2023-08-30,128.5,129.08
2023-08-31,126.13,125.04
2023-09-01,118.39,118.62
2023-09-02,120.38,118.77
2023-09-03,130.74,130.95
2023-09-04,137.12,136.89
2023-09-05,144.93,143.68
2023-09-06,137.31,136.91
2023-09-07,129.66,130.06
2023-09-08,125.25,125.42
2023-09-09,133.39,133.56
2023-09-10,138.57,138.22
2023-09-11,145.42,144.99
2023-09-12,146.25,147.68
2023-09-13,140.14,139.95
2023-09-14,132.38,132.42
2023-09-15,128.88,129.1
2023-09-16,129.55,129.05
2023-09-17,137.25,137.85
2023-09-18,144.43,144.3
2023-09-19,147.12,146.93
2023-09-20,137.1,137.24
2023-09-21,134.18,133.21
2023-09-22,125.17,124.69
2023-09-23,126.89,126.87
2023-09-24,131.64,131.36
2023-09-25,144.35,142.9
2023-09-26,145.29,144.47
2023-09-27,138.46,140.13
2023-09-28,127.64,128.64
2023-09-29,122.86,123.01
2023-09-30,124.99,125.04
2023-10-01,134.59,135.06
2023-10-02,136.37,135.86
2023-10-03,140.14,140.96
2023-10-04,133.43,133.11
2023-10-05,121.84,122.17
2023-10-06,117.82,117.71
2023-10-07,117.28,117.84
2023-10-08,125.4,124.53
2023-10-09,134.55,135.35
2023-10-10,129.63,130.07
2023-10-11,126.68,125.91
2023-10-12,115.01,114.47
2023-10-13,112.44,111.39
2023-10-14,111.61,112.62
2023-10-15,119.3,119.61
2023-10-16,122.34,123.02
2023-10-17,129.32,130.19
2023-10-18,123.63,122.76
2023-10-19,117.05,117.11
2023-10-20,111.97,110.65
2023-10-21,118.02,118.06
2023-10-22,127.12,125.72
2023-10-23,133.82,133.65
2023-10-24,135.63,134.54
2023-10-25,128.85,127.33
2023-10-26,121.87,123.56
2023-10-27,115.66,118.48
2023-10-28,123.1,124.53
2023-10-29,133.07,133.27
2023-10-30,136.49,136.27
2023-10-31,137.72,138.0
2023-11-01,132.84,133.65
2023-11-02,124.85,122.67
2023-11-03,119.14,118.99
2023-11-04,122.18,121.36
2023-11-05,128.27,129.31
2023-11-06,136.73,138.98
2023-11-07,140.77,141.65
2023-11-08,134.56,135.73
2023-11-09,122.39,121.76
2023-11-10,114.95,114.74
2023-11-11,116.28,115.51
2023-11-12,126.6,124.86
2023-11-13,134.74,135.67
2023-11-14,136.49,136.07
2023-11-15,131.21,130.29
2023-11-16,122.24,121.94
2023-11-17,116.62,115.8
2023-11-18,116.71,116.89
2023-11-19,121.57,121.8
2023-11-20,129.8,131.13
2023-11-21,136.25,136.57
2023-11-22,132.09,131.76
2023-11-23,123.97,123.81
2023-11-24,113.33,113.71
2023-11-25,120.95,121.03
2023-11-26,135.18,136.0
2023-11-27,140.72,139.21
2023-11-28,142.61,142.51
2023-11-29,141.38,141.74
2023-11-30,138.13,138.13
2023-12-01,129.49,127.95
2023-12-02,131.08,132.73
2023-12-03,137.58,138.04
2023-12-04,142.1,142.32
2023-12-05,145.56,146.47
2023-12-06,142.41,141.76
2023-12-07,128.54,129.05
2023-12-08,121.89,121.81
2023-12-09,127.16,126.59
2023-12-10,135.65,134.69
2023-12-11,144.34,143.41
2023-12-12,146.32,146.97
2023-12-13,144.3,143.81
2023-12-14,137.48,137.79
2023-12-15,130.87,131.29
2023-12-16,132.14,132.45
2023-12-17,137.85,137.38
2023-12-18,142.03,141.14
2023-12-19,143.23,142.08
2023-12-20,136.95,138.95
2023-12-21,126.9,127.79
2023-12-22,119.98,119.09
2023-12-23,130.35,129.68
2023-12-24,144.08,143.09
2023-12-25,147.28,146.72
2023-12-26,147.99,147.32
2023-12-27,142.12,142.42
2023-12-28,133.32,133.4
2023-12-29,126.77,126.32
2023-12-30,129.77,128.3
2023-12-31,140.4,140.21
2024-01-01,150.42,149.9
2024-01-02,150.49,150.88
2024-01-03,148.31,147.11
2024-01-04,136.81,137.8
2024-01-05,130.3,130.52
2024-01-06,134.47,134.73
2024-01-07,142.25,143.43
2024-01-08,149.9,150.52
2024-01-09,148.67,147.23
2024-01-10,140.77,142.6
2024-01-11,132.31,133.22
2024-01-12,126.96,126.66
2024-01-13,130.23,130.07
2024-01-14,133.4,133.8
2024-01-15,147.42,147.95
2024-01-16,152.41,152.27
2024-01-17,147.08,147.36
2024-01-18,141.73,142.72
2024-01-19,129.08,130.23
2024-01-20,129.88,130.03
2024-01-21,133.43,134.17
2024-01-22,142.77,142.52
2024-01-23,147.01,148.06
2024-01-24,146.19,147.65
2024-01-25,139.42,139.07
2024-01-26,129.62,130.13
2024-01-27,130.75,131.97
2024-01-28,139.54,140.34
2024-01-29,143.57,144.06
2024-01-30,144.04,143.86
2024-01-31,139.92,140.42
2024-02-01,132.41,131.97
2024-02-02,127.43,126.68
2024-02-03,128.91,130.5
2024-02-04,134.79,133.4
2024-02-05,137.82,137.63
2024-02-06,144.96,145.96
2024-02-07,144.24,145.35
2024-02-08,132.88,134.04
2024-02-09,126.92,125.51
2024-02-10,130.7,132.56
2024-02-11,139.24,140.45
2024-02-12,146.43,145.78
2024-02-13,147.17,146.58
2024-02-14,145.13,146.73
2024-02-15,134.05,133.76
2024-02-16,128.68,128.56
2024-02-17,133.31,134.04
2024-02-18,144.78,144.6
2024-02-19,156.53,157.32
2024-02-20,158.12,156.42
2024-02-21,147.24,146.59
2024-02-22,139.51,141.09
2024-02-23,135.82,134.27
2024-02-24,134.67,135.73
2024-02-25,138.02,136.47
2024-02-26,151.16,152.35
2024-02-27,150.16,150.0
2024-02-28,144.74,144.79
2024-02-29,137.36,138.79
2024-03-01,130.33,129.34
2024-03-02,136.13,135.8
2024-03-03,141.5,143.29
2024-03-04,149.43,150.79
2024-03-05,150.09,148.31
2024-03-06,145.94,144.98
2024-03-07,138.42,138.53
2024-03-08,132.05,129.53
2024-03-09,132.57,133.47
2024-03-10,140.41,138.96
2024-03-11,148.64,150.13
2024-03-12,150.26,151.14
2024-03-13,140.84,140.44
2024-03-14,134.07,134.24
2024-03-15,129.37,129.21
2024-03-16,134.42,134.62
2024-03-17,142.06,141.75
2024-03-18,157.8,158.83
2024-03-19,153.08,154.06
2024-03-20,148.63,149.67
2024-03-21,138.9,139.38
2024-03-22,129.65,132.23
2024-03-23,132.67,131.69
2024-03-24,139.45,139.88
2024-03-25,143.64,143.32
2024-03-26,146.19,145.16
2024-03-27,149.13,149.71
2024-03-28,138.1,138.64
2024-03-29,134.98,134.99
2024-03-30,139.57,138.69
2024-03-31,146.91,146.34
2024-04-01,151.77,153.45
2024-04-02,155.1,154.42
2024-04-03,155.25,155.5
2024-04-04,148.23,149.76
2024-04-05,140.85,140.29
2024-04-06,148.01,149.1
2024-04-07,150.57,149.77
2024-04-08,155.97,156.12
2024-04-09,155.79,155.34
2024-04-10,152.23,150.71
2024-04-11,150.24,150.63
2024-04-12,144.6,144.7
2024-04-13,144.64,145.2
2024-04-14,151.67,152.61
2024-04-15,158.36,157.35
2024-04-16,159.25,160.4
2024-04-17,151.44,151.98
2024-04-18,145.96,145.22
2024-04-19,145.16,144.92
2024-04-20,143.57,143.24
2024-04-21,149.43,148.42
2024-04-22,156.44,155.44
2024-04-23,157.67,157.68
2024-04-24,152.29,152.03
2024-04-25,142.03,140.83
2024-04-26,137.45,136.63
2024-04-27,138.86,138.23
2024-04-28,144.39,144.23
2024-04-29,161.04,160.68
2024-04-30,163.09,164.34
2024-05-01,153.04,155.35
2024-05-02,147.98,147.38
2024-05-03,141.1,139.62
2024-05-04,138.68,140.46
2024-05-05,149.25,148.72
2024-05-06,157.11,156.98
2024-05-07,160.67,159.49
2024-05-08,157.74,157.46
2024-05-09,146.48,145.85
2024-05-10,141.71,140.39
2024-05-11,143.49,143.48
2024-05-12,151.63,151.86
2024-05-13,164.02,165.66
2024-05-14,168.03,167.66
2024-05-15,166.27,165.67
2024-05-16,156.2,154.57
2024-05-17,150.25,151.41
2024-05-18,143.8,144.93
2024-05-19,152.3,152.84
2024-05-20,158.89,158.4
2024-05-21,163.54,164.3
2024-05-22,158.77,157.47
2024-05-23,149.52,148.73
2024-05-24,142.91,143.94
2024-05-25,149.35,149.26
2024-05-26,159.55,159.14
2024-05-27,157.2,156.18
2024-05-28,161.52,163.15
2024-05-29,157.61,155.75
2024-05-30,148.66,148.08
2024-05-31,139.44,137.52
2024-06-01,139.34,138.97
2024-06-02,151.83,151.43
2024-06-03,156.22,156.95
2024-06-04,159.67,158.99
2024-06-05,158.44,158.56
2024-06-06,153.69,153.14
2024-06-07,144.34,143.31
2024-06-08,141.16,141.19
2024-06-09,149.79,151.9
2024-06-10,157.14,159.52
2024-06-11,160.91,160.73
2024-06-12,151.22,151.74
2024-06-13,140.42,140.79
2024-06-14,138.38,136.91
2024-06-15,143.12,142.96
2024-06-16,157.57,156.51
2024-06-17,159.9,158.12
2024-06-18,162.07,164.13
2024-06-19,157.58,156.22
2024-06-20,149.68,149.81
2024-06-21,146.56,146.61
2024-06-22,148.3,147.31
2024-06-23,156.42,155.04
2024-06-24,159.09,160.41
2024-06-25,164.93,165.2
2024-06-26,160.15,159.7
2024-06-27,150.6,149.73
2024-06-28,148.52,148.69
2024-06-29,148.91,148.87
2024-06-30,153.84,153.47
2024-07-01,163.87,163.88
2024-07-02,168.5,169.3
2024-07-03,169.03,169.64
2024-07-04,162.56,160.57
2024-07-05,152.29,154.29
2024-07-06,158.01,157.85
2024-07-07,163.1,164.58
2024-07-08,166.94,166.37
2024-07-09,167.87,168.2
2024-07-10,163.17,163.55
2024-07-11,149.68,149.85
2024-07-12,144.78,144.48
2024-07-13,147.47,147.2
2024-07-14,150.85,150.29
2024-07-15,154.82,153.02
2024-07-16,156.43,157.53
2024-07-17,156.36,157.0
2024-07-18,149.42,148.8
2024-07-19,144.32,145.87
2024-07-20,146.78,147.55
2024-07-21,165.06,163.64
2024-07-22,174.92,176.7
2024-07-23,174.1,174.0
2024-07-24,163.6,162.87
2024-07-25,159.51,159.87
2024-07-26,153.33,152.98
2024-07-27,152.21,151.32
2024-07-28,159.82,160.92
2024-07-29,168.71,169.47
2024-07-30,168.15,167.21
2024-07-31,159.15,158.72
2024-08-01,152.33,151.5
2024-08-02,147.72,147.34
2024-08-03,147.32,147.73
2024-08-04,150.39,150.96
2024-08-05,151.02,150.79
2024-08-06,157.02,156.64
2024-08-07,153.65,153.85
2024-08-08,146.83,146.64
2024-08-09,144.47,144.04
2024-08-10,146.46,146.64
2024-08-11,154.14,155.06
2024-08-12,167.84,168.39
2024-08-13,168.97,168.06
2024-08-14,164.23,163.88
2024-08-15,158.14,158.45
2024-08-16,156.29,155.32
2024-08-17,155.16,154.03
2024-08-18,163.39,162.42
2024-08-19,175.83,176.18
2024-08-20,177.27,178.19
2024-08-21,169.43,169.83
2024-08-22,158.68,159.19
2024-08-23,149.49,148.52
2024-08-24,154.98,155.07
2024-08-25,156.62,155.95
2024-08-26,164.03,164.04
2024-08-27,172.54,173.17
2024-08-28,168.25,166.34
2024-08-29,158.66,160.1
2024-08-30,157.5,158.56
2024-08-31,154.47,156.63
2024-09-01,161.33,161.37
2024-09-02,172.7,171.94
2024-09-03,173.76,174.03
2024-09-04,166.62,167.02
2024-09-05,156.21,156.04
2024-09-06,154.13,156.14
2024-09-07,154.24,153.67
2024-09-08,165.09,164.12
2024-09-09,175.56,175.17
2024-09-10,179.82,178.85
2024-09-11,175.0,175.2
2024-09-12,164.31,164.91
2024-09-13,157.83,158.54
2024-09-14,161.18,160.41
2024-09-15,168.9,168.52
2024-09-16,175.05,174.98
2024-09-17,176.4,176.36
2024-09-18,166.11,167.25
2024-09-19,158.29,158.29
2024-09-20,154.6,153.53
2024-09-21,161.37,161.78
2024-09-22,171.18,172.07
2024-09-23,178.26,176.78
2024-09-24,178.31,178.47
2024-09-25,165.82,166.68
2024-09-26,156.47,157.13
2024-09-27,154.0,154.91
2024-09-28,154.84,154.76
2024-09-29,159.27,160.07
2024-09-30,171.19,170.96
2024-10-01,170.19,170.63
2024-10-02,166.04,167.03
2024-10-03,156.08,155.28
2024-10-04,146.53,145.6
2024-10-05,156.39,156.36
2024-10-06,163.89,164.04
2024-10-07,169.31,168.58
2024-10-08,172.01,172.3
2024-10-09,164.84,166.45
2024-10-10,158.49,158.38
2024-10-11,154.25,154.03
2024-10-12,156.3,156.08
2024-10-13,159.07,160.03
2024-10-14,162.85,164.27
2024-10-15,165.98,164.66
2024-10-16,163.93,164.7
2024-10-17,153.12,153.82
2024-10-18,151.86,151.84
2024-10-19,147.71,147.66
2024-10-20,155.28,156.44
2024-10-21,165.73,164.33
2024-10-22,169.4,168.74
2024-10-23,167.17,167.0
2024-10-24,157.07,156.65
2024-10-25,151.06,150.44
2024-10-26,150.07,150.7
2024-10-27,159.11,160.71
2024-10-28,167.59,168.03
2024-10-29,169.62,169.23
2024-10-30,162.93,163.36
2024-10-31,160.19,160.92
2024-11-01,153.16,151.59
2024-11-02,152.35,152.0
2024-11-03,162.65,163.25
2024-11-04,171.98,173.19
2024-11-05,175.82,174.97
2024-11-06,174.38,173.28
2024-11-07,164.73,163.85
2024-11-08,164.79,166.52
2024-11-09,167.33,166.52
2024-11-10,177.97,176.35
2024-11-11,181.93,182.92
2024-11-12,180.47,181.81
2024-11-13,182.01,180.5
2024-11-14,171.44,170.59
2024-11-15,171.51,169.37
2024-11-16,166.8,168.8
2024-11-17,165.76,165.57
2024-11-18,179.74,179.69
2024-11-19,180.42,179.89
2024-11-20,178.77,178.81
2024-11-21,167.1,164.86
2024-11-22,156.7,156.53
2024-11-23,158.04,157.49
2024-11-24,161.39,159.16
2024-11-25,174.4,175.38
2024-11-26,174.8,174.16
2024-11-27,170.5,170.36
2024-11-28,166.92,165.77
2024-11-29,159.88,159.93
2024-11-30,158.14,158.53
2024-12-01,166.76,167.92
2024-12-02,176.42,174.19
2024-12-03,173.55,172.84
2024-12-04,174.73,175.66
2024-12-05,167.74,167.45
2024-12-06,164.82,163.1
2024-12-07,168.66,167.82
2024-12-08,173.81,173.38
2024-12-09,180.31,179.32
2024-12-10,183.6,183.67
2024-12-11,172.93,174.28
2024-12-12,158.7,157.82
2024-12-13,156.16,155.98
2024-12-14,156.95,156.47
2024-12-15,162.87,162.82
2024-12-16,171.11,171.17
2024-12-17,176.52,175.52
2024-12-18,170.1,169.2
2024-12-19,164.28,165.41
2024-12-20,162.76,164.41
2024-12-21,165.49,165.01
2024-12-22,174.17,174.33
2024-12-23,175.87,177.4
2024-12-24,176.52,176.24
2024-12-25,172.5,172.98
2024-12-26,168.23,169.65
2024-12-27,166.77,168.3
2024-12-28,168.74,168.25
2024-12-29,175.55,175.51
2024-12-30,185.4,184.43
